file_name,zero_crossing_rate,zero_crossings,spectrogram,mel_spectrogram,harmonics,perceptual_shock_wave,spectral_centroids,spectral_centroids_delta,spectral_centroids_accelerate,chroma1,chroma2,chroma3,chroma4,chroma5,chroma6,chroma7,chroma8,chroma9,chroma10,chroma11,chroma12,tempo_bpm,spectral_rolloff,spectral_flux,spectral_bandwidth_2,spectral_bandwidth_3,spectral_bandwidth_4,mfcc0,mfcc_delta_0,mfcc_accelerate_0,mfcc1,mfcc_delta_1,mfcc_accelerate_1,mfcc2,mfcc_delta_2,mfcc_accelerate_2,mfcc3,mfcc_delta_3,mfcc_accelerate_3,mfcc4,mfcc_delta_4,mfcc_accelerate_4,mfcc5,mfcc_delta_5,mfcc_accelerate_5,mfcc6,mfcc_delta_6,mfcc_accelerate_6,mfcc7,mfcc_delta_7,mfcc_accelerate_7,mfcc8,mfcc_delta_8,mfcc_accelerate_8,mfcc9,mfcc_delta_9,mfcc_accelerate_9,mfcc10,mfcc_delta_10,mfcc_accelerate_10,mfcc11,mfcc_delta_11,mfcc_accelerate_11,mfcc12,mfcc_delta_12,mfcc_accelerate_12,mfcc13,mfcc_delta_13,mfcc_accelerate_13,mfcc14,mfcc_delta_14,mfcc_accelerate_14,mfcc15,mfcc_delta_15,mfcc_accelerate_15,mfcc16,mfcc_delta_16,mfcc_accelerate_16,mfcc17,mfcc_delta_17,mfcc_accelerate_17,mfcc18,mfcc_delta_18,mfcc_accelerate_18,mfcc19,mfcc_delta_19,mfcc_accelerate_19
data/train_audio/chukar/XC120366.mp3,0.2110581803625251,161492,-62.003170013427734,-79.99842834472656,6.77813090987911e-07,1.671798770530586e-07,2925.2378470992517,0.48587961126924784,-0.07533455483602106,0.2499317228794098,0.2557576298713684,0.34152936935424805,0.4831532835960388,0.5976707935333252,0.5760044455528259,0.4490078091621399,0.38391897082328796,0.2744673192501068,0.23775823414325714,0.24221575260162354,0.25029054284095764,107.666015625,5010.5585832844945,1.7410595417022705,2120.02901948401,2622.133152228904,3086.592292778293,-424.48516845703125,-0.027797168120741844,-0.010628520511090755,39.850154876708984,-0.0018946729833260179,0.000628582842182368,-68.87312316894531,0.02463914267718792,0.0018354273634031415,-14.772326469421387,0.0039425804279744625,-0.0019719908013939857,-24.913131713867188,-0.0043932306580245495,0.01075010932981968,11.928522109985352,0.0033930870704352856,0.0024797904770821333,6.0395097732543945,0.003712992649525404,0.0004820006142836064,-18.110240936279297,-0.009254813194274902,0.0022086529061198235,-30.639921188354492,-0.00011314614675939083,-0.0076796612702310085,-6.824212074279785,0.013953644782304764,-0.0047220648266375065,-0.6009103655815125,-0.005737100727856159,0.00013002898776903749,-0.04568111523985863,-0.003990702331066132,-0.0013016387820243835,-6.221773147583008,0.008090375922620296,0.002242656424641609,-3.27353572845459,0.005534886848181486,-0.0031518612522631884,2.401427745819092,-0.005966957658529282,0.0012757927179336548,3.0064713954925537,-0.0031849329825490713,0.008223054930567741,-9.505574226379395,0.0073621198534965515,-0.0005266013322398067,0.8018394708633423,0.0009510561940260231,0.001480806153267622,-0.7509662508964539,-0.00919405184686184,0.0024674430023878813,0.8356220722198486,0.0007866522646509111,0.0025044323410838842
data/train_audio/chukar/XC120373.mp3,0.217853672973945,174619,-54.629905700683594,-79.98693084716797,3.2338875826098956e-06,3.945518187720154e-07,2921.112701370521,0.1759542141871944,-0.18709585937496417,0.6413440108299255,0.5809605121612549,0.5048308968544006,0.4821334779262543,0.48911720514297485,0.45515313744544983,0.4612956643104553,0.48124223947525024,0.5021554827690125,0.5627251863479614,0.5963648557662964,0.6079236268997192,143.5546875,5114.39045079224,1.4914653301239014,2094.5458622827546,2559.7271776818015,3003.4274311860036,-353.77972412109375,-0.013636964373290539,0.01628931425511837,51.85783004760742,0.005289703607559204,0.0029054083861410618,-74.53539276123047,0.026108715683221817,-0.01576053537428379,8.013428688049316,0.008742225356400013,0.0020059237722307444,-11.322422981262207,7.920740608824417e-05,0.007844590581953526,-0.4761141538619995,0.0019887774251401424,-0.0007880263146944344,-16.819189071655273,-0.0012617483735084534,-0.0009317892254330218,-13.73433780670166,0.004922469612210989,0.0023791026324033737,-17.977214813232422,0.008723786100745201,0.005911773536354303,-13.500709533691406,0.008376054465770721,0.006769858300685883,-13.640366554260254,0.010216837748885155,0.0011672268155962229,-3.8225319385528564,-0.0005828742869198322,7.336889393627644e-05,-5.598527908325195,-0.0043028113432228565,0.0036557912826538086,2.20158314704895,0.0028683736454695463,0.004082963336259127,-6.51970100402832,-0.0004627222951967269,0.0018766806460916996,-3.125938892364502,-0.00424644211307168,0.004041539970785379,-3.6901230812072754,-0.0024364411365240812,0.0016553127206861973,0.21215523779392242,-0.00028058115276508033,-0.0019498398760333657,-6.497163772583008,0.0016303514130413532,-0.00021493159874808043,2.8157763481140137,0.0043995920568704605,0.002361942082643509
data/train_audio/chukar/XC133064.mp3,0.1759187940140845,12880,-31.685375213623047,-58.23779296875,1.5949641237966716e-05,-4.550978758288693e-07,2908.347190597816,1.5696209388037752,1.0363635275674996,0.4459175765514374,0.3470954895019531,0.4031108319759369,0.45011648535728455,0.46817606687545776,0.41643470525741577,0.46298471093177795,0.5452178120613098,0.6896579265594482,0.7088035941123962,0.5759606957435608,0.5626422762870789,135.99917763157896,5745.043429522447,1.8210968971252441,2422.2753691458583,2825.0107477092943,3217.2806893898555,-363.42254638671875,-0.5498401522636414,0.41464105248451233,65.5655746459961,-0.07363159954547882,-0.07422614097595215,-27.735774993896484,0.2594794034957886,-0.2277260571718216,28.24822235107422,0.06285811215639114,0.055361244827508926,9.654635429382324,-0.016210312023758888,0.005784993525594473,29.67628288269043,-0.19298741221427917,0.011250955983996391,-22.28662109375,0.14737801253795624,-0.13826018571853638,-2.194535493850708,0.06859714537858963,0.08236519992351532,0.9699485898017883,0.0062093366868793964,0.014564658515155315,-4.391217231750488,0.06376024335622787,-0.09678243845701218,0.05773689225316048,-0.05638708174228668,0.11981569230556488,-10.143848419189453,0.11351526528596878,-0.006832495331764221,-3.1639983654022217,-0.04993443936109543,0.05353163182735443,11.803879737854004,-0.13050563633441925,0.08851446211338043,-12.320267677307129,0.040813229978084564,-0.03232816234230995,-3.1801724433898926,0.04628943279385567,-0.012464041821658611,-2.9921011924743652,0.01921498402953148,0.008114336058497429,0.5453107357025146,0.05255039036273956,-0.06600429862737656,-1.799430012702942,0.019218068569898605,-0.02249283343553543,4.1814680099487305,-0.029264550656080246,0.0036194056738168
data/train_audio/chukar/XC146758.mp3,0.11048858574610244,25490,-29.423124313354492,-55.46908950805664,-1.0659197187123937e-06,1.2588224080900545e-06,1899.3973138944186,-2.0181412255372435,-0.0696885418490434,0.34089499711990356,0.37222397327423096,0.40776029229164124,0.49163946509361267,0.5725856423377991,0.6307092905044556,0.6678371429443359,0.5754351019859314,0.4727899432182312,0.40024667978286743,0.3880050480365753,0.43010756373405457,112.34714673913044,3367.932047344794,1.3354086875915527,2015.0749599604083,2722.5965943243195,3351.7107535459936,-464.67169189453125,0.18029023706912994,-0.10472559928894043,123.0938720703125,0.05836251378059387,-0.0066621508449316025,-35.48460006713867,0.0063018458895385265,0.0014807333936914802,-18.586633682250977,0.024086568504571915,0.0018439377890899777,3.86763334274292,0.04266538470983505,-0.0070649986155331135,26.16549301147461,0.027630694210529327,-0.0052799624390900135,1.433026671409607,0.034558795392513275,0.005290678236633539,-4.2239089012146,0.019882317632436752,0.014735599979758263,1.3555577993392944,0.03180886059999466,0.003341156989336014,3.5239644050598145,0.016024313867092133,6.267063145060092e-05,1.5564546585083008,0.005620281212031841,-0.001767928944900632,4.079907417297363,0.012781630270183086,-0.017516696825623512,-10.57300090789795,0.0023342675995081663,-0.004387521184980869,8.090407371520996,0.008814609609544277,0.001980485627427697,-2.0055575370788574,0.007887129671871662,0.0013882536441087723,-2.2261979579925537,-6.072293035686016e-05,0.002130782464519143,0.06546040624380112,0.010043085552752018,0.011277132667601109,1.2233692407608032,0.016848433762788773,0.005301546771079302,-4.909785270690918,0.02690371312201023,0.0029956535436213017,7.776116847991943,-0.010965407826006413,-0.007006722502410412
data/train_audio/chukar/XC183499.mp3,0.07880478375256673,19706,-34.66227340698242,-42.30348587036133,-6.076691988710081e-06,-2.6600828277878463e-05,872.9680868759469,6.0080086292793355,2.6317662649731317,0.5253121852874756,0.5929184556007385,0.6935147047042847,0.7104682922363281,0.6467416882514954,0.6150891184806824,0.6074565052986145,0.6515254974365234,0.6700313687324524,0.6923936009407043,0.6470889449119568,0.5214157700538635,161.4990234375,1541.989580659651,0.696438193321228,674.4873331984048,1090.2728534890173,1699.7616466740415,-643.1961059570312,0.6963450908660889,0.11673208326101303,282.9130554199219,-0.36092081665992737,-0.3256451487541199,10.454206466674805,-0.1023513674736023,0.0033325355034321547,-87.50242614746094,0.11444501578807831,0.15136446058750153,-3.2248780727386475,-0.01204404141753912,0.014310721307992935,54.4573860168457,-0.08456786721944809,-0.06569959968328476,5.187468528747559,-0.02307201363146305,0.005333699285984039,-36.836585998535156,0.031751926988363266,0.061344318091869354,-3.584148406982422,-0.03187061473727226,-0.000624405627604574,29.661937713623047,-0.03329361975193024,-0.0396123081445694,6.250575065612793,-0.02665887586772442,-0.007601398508995771,-18.75963020324707,0.026961982250213623,0.044544316828250885,0.6088828444480896,-0.0029516357462853193,0.011553607881069183,21.358051300048828,-0.026001330465078354,-0.016832100227475166,4.135380268096924,0.004164995159953833,0.0033464175648987293,-15.17908000946045,0.049078937619924545,0.029051022604107857,-1.5386537313461304,-0.007838496007025242,0.0055353110656142235,15.56618595123291,-0.03340956196188927,-0.012512304820120335,3.7954189777374268,-0.014923152513802052,0.0075700776651501656,-12.329276084899902,0.02352079190313816,0.025751570239663124
data/train_audio/chukar/XC183881.mp3,0.21623160772138228,51352,-48.79873275756836,-64.30731201171875,-2.1944750187685713e-05,-8.500060357619077e-05,3524.9742761643647,-0.34480119170908985,0.1376862069901728,0.6005025506019592,0.6050509810447693,0.6037231683731079,0.6396018862724304,0.6401944160461426,0.6591473817825317,0.6606582999229431,0.6418155431747437,0.6386910080909729,0.6486552953720093,0.6254205107688904,0.614219605922699,103.359375,7563.572478654833,1.0389922857284546,3086.5571945599268,3451.1030880508624,3768.417134027161,-196.4270782470703,0.3041135370731354,-0.24179771542549133,63.1846923828125,0.00802699476480484,-0.0035980534739792347,3.740220069885254,-0.013527491129934788,0.011801682412624359,-0.7936637997627258,-0.023240206763148308,0.011857281439006329,-8.484016418457031,-0.04818149283528328,0.017780818045139313,-4.842541217803955,-0.02336738258600235,0.008801210671663284,-9.428947448730469,-0.009518924169242382,0.01033037155866623,0.505155622959137,-0.020965205505490303,0.010247566737234592,-8.55910587310791,-0.021267974749207497,0.008724717423319817,-0.7865590453147888,-0.016233326867222786,0.01728547178208828,-5.697770595550537,0.012682966887950897,0.015541787259280682,2.242990016937256,0.021276995539665222,0.007043197751045227,-3.275376319885254,0.024890337139368057,0.0011354748858138919,3.4314751625061035,0.020071551203727722,-0.0025543728843331337,-3.2737953662872314,-0.004496286623179913,0.012887980788946152,3.5364761352539062,-0.006888220552355051,-0.0014873923500999808,-2.381255865097046,0.0016399441519752145,-0.009326118975877762,3.825172185897827,-0.007910712622106075,-0.00353850401006639,-0.812798798084259,0.0012476990232244134,-0.010045002214610577,4.535468578338623,-0.0054171327501535416,0.004607281181961298
data/train_audio/chukar/XC233252.mp3,0.18677120654193205,45086,-75.9792709350586,-80.0,1.1596834781357757e-07,5.997514449518349e-07,2924.682069042185,2.7132341269077798,0.928320309218795,0.49437665939331055,0.5682355761528015,0.5670905709266663,0.5474318861961365,0.43794190883636475,0.38014060258865356,0.35461652278900146,0.3942566514015198,0.41536420583724976,0.44252923130989075,0.3709694445133209,0.414193332195282,172.265625,5483.469036126592,1.180453896522522,2396.4763039237337,2857.788731369524,3293.7718084182634,-274.3087463378906,-0.383554071187973,-0.41876915097236633,53.344505310058594,-0.0897468626499176,-0.010648800060153008,-51.877349853515625,0.021603044122457504,0.04215136915445328,-21.694772720336914,0.03505655750632286,0.022175488993525505,-51.984283447265625,0.03848075494170189,0.04109469801187515,-23.394262313842773,0.008603478781878948,0.03406389430165291,-13.906688690185547,0.01936054416000843,0.027985986322164536,-6.875041484832764,-0.0020461517851799726,0.014799854718148708,-23.729684829711914,0.023864608258008957,0.018595345318317413,-13.08086109161377,0.02215152233839035,0.006756559479981661,-11.109984397888184,0.01837577112019062,0.014356122352182865,-1.6674659252166748,-0.0008124171290546656,-0.0011033667251467705,-6.12753438949585,-0.009447282180190086,0.0021886127069592476,-5.0290207862854,-0.01137904915958643,0.010713573545217514,-7.3386712074279785,-0.00854204036295414,0.014016457833349705,6.421674728393555,-0.02118508331477642,-0.003059998620301485,-4.716100215911865,0.013015365228056908,-0.002032608026638627,2.1706762313842773,0.005804885644465685,0.0021627931855618954,0.3836148977279663,0.005263089668005705,0.009021406061947346,1.2453854084014893,-0.01680193841457367,0.008279663510620594
data/train_audio/chukar/XC233760.mp3,0.09864644688045375,29006,-77.28533172607422,-80.0,-7.22690813859117e-08,-1.618552346371871e-06,1810.106814531504,0.7753777013930526,0.5609211644803643,0.2602432668209076,0.3497452735900879,0.5436157584190369,0.6778785586357117,0.6227487325668335,0.42645037174224854,0.32060086727142334,0.2621040344238281,0.2500983774662018,0.25627201795578003,0.2977723777294159,0.2595539391040802,107.666015625,3195.444668275524,1.7680648565292358,1840.6453424557096,2495.9951717333706,3093.343810035487,-465.3128356933594,-0.023785550147294998,-0.05462250858545303,71.09532165527344,-0.018468020483851433,-0.05978035554289818,-38.754493713378906,0.003989147953689098,-0.025396237149834633,-33.986446380615234,0.003978389780968428,-0.005055698100477457,-7.843760013580322,-0.010317707434296608,-0.006232922431081533,50.02849197387695,-0.015165764838457108,-0.012812413275241852,31.265117645263672,-0.0076615032739937305,-0.013613579794764519,2.60735821723938,-0.0027532794047147036,-0.012017940171062946,7.595226764678955,-0.009211504831910133,-0.010230856016278267,18.232559204101562,-0.016445599496364594,-0.00447060028091073,5.771409511566162,-0.01108462456613779,0.0031655586790293455,8.841682434082031,-0.0016297644469887018,0.004781739786267281,6.350986003875732,-0.003300231881439686,-4.080910366610624e-05,2.6865761280059814,-0.008384687826037407,-0.0031758323311805725,-3.042936086654663,-0.002685708226636052,-0.0007642220589332283,-6.6233978271484375,0.006954894866794348,0.0018935182597488165,1.7518173456192017,0.00890849158167839,0.00015832345525268465,2.1454153060913086,0.007036255672574043,-0.0020200933795422316,-11.023700714111328,0.008543393574655056,0.0009440431022085249,-2.8702139854431152,0.01169140636920929,0.006332998629659414
data/train_audio/chukar/XC330928.mp3,0.2576999785280127,124977,-79.96534729003906,-80.0,-7.268994295372977e-10,9.571740733349543e-09,3741.617044578298,-0.29518595719299706,-0.07582899406054439,0.5879102349281311,0.6175418496131897,0.6251280307769775,0.6692942380905151,0.6697199940681458,0.629197895526886,0.5945935845375061,0.5809326171875,0.5458599925041199,0.5394410490989685,0.533793032169342,0.5393595099449158,123.046875,7277.653596970798,1.021331787109375,2797.3355366729024,3178.585222640495,3510.5584855005627,-322.70819091796875,0.024164356291294098,0.0001777917059371248,-9.600014686584473,0.028682461008429527,0.023655546829104424,-82.90965270996094,0.022627776488661766,0.02173079550266266,-62.938697814941406,0.016269531100988388,0.011977721937000751,-53.666358947753906,0.012732977978885174,0.014717983081936836,-30.511754989624023,0.004338697995990515,0.012780839577317238,-26.671735763549805,-0.0009134254069067538,0.0070936898700892925,-16.28250503540039,0.0025759025011211634,0.008823294192552567,-11.0249605178833,0.009349601343274117,0.007910959422588348,6.820736408233643,0.0017225837800651789,-0.0011780690401792526,4.4416985511779785,0.001995142549276352,-0.0017440988449379802,12.112003326416016,-0.00017893995391204953,-0.0024266692344099283,7.864488124847412,-0.0107524199411273,-0.0070224120281636715,12.890325546264648,-0.005548221059143543,-0.004378361627459526,5.642858028411865,-0.00440963264554739,0.0018883250886574388,8.844322204589844,-0.0005434562335722148,-0.006513999775052071,1.415389060974121,0.00761301489546895,-0.0074662258848547935,4.644455909729004,-0.0010170276509597898,0.002929907524958253,-3.349620819091797,-0.002322084503248334,-0.0005672633415088058,0.5577489137649536,-0.0013935933820903301,-0.0032832217402756214
data/train_audio/chukar/XC330932.mp3,0.19446915394664466,362258,-79.96857452392578,-80.0,-3.831090999995013e-09,-8.750205005014777e-09,3203.7468140402752,-0.023559663553208012,-0.04963851327711475,0.2568103075027466,0.2776142358779907,0.3014885187149048,0.39844197034835815,0.5144988894462585,0.5502669215202332,0.5959621667861938,0.6384671926498413,0.579412579536438,0.41422802209854126,0.2714023292064667,0.21841958165168762,112.34714673913044,6296.1374415029395,1.0034140348434448,2584.3094181448328,3065.9769017301414,3496.8968110476862,-230.8599090576172,0.014037440530955791,0.007498922757804394,-15.518145561218262,-0.0021483933087438345,0.013824066147208214,-110.23396301269531,-0.0050032963044941425,0.011227044276893139,-82.23816680908203,0.0012321036774665117,0.010805134661495686,-60.297157287597656,0.0044721015729010105,0.008828897960484028,-26.599899291992188,0.00750587647780776,0.006958614103496075,-30.013992309570312,0.0015751704340800643,0.006126916967332363,-24.691383361816406,0.0028133641462773085,0.00551574258133769,-7.832366466522217,0.00041274033719673753,0.0013658198295161128,17.293128967285156,-0.002422122983261943,-0.0025155621115118265,12.906277656555176,-0.0008562285220250487,-0.0025145369581878185,14.116458892822266,0.00045614439295604825,-0.0025225593708455563,4.218863487243652,0.0017263346817344427,-0.0018171736737713218,14.343883514404297,0.002846908289939165,-0.00033970881486311555,7.1420063972473145,-0.001855981070548296,-0.0019345988985151052,4.187607288360596,-0.003498000791296363,-0.001354715321213007,-2.675241470336914,-0.0003994279832113534,-0.001238957280293107,2.060934066772461,0.0006419760175049305,1.1359700692992192e-05,-5.865264415740967,-4.838566019316204e-05,0.0009284818079322577,0.2895643413066864,0.0023175408132374287,-0.00035457577905617654
data/train_audio/chukar/XC338428.mp3,0.23761109217701343,36428,-79.9876708984375,-80.0,2.9180428740005482e-08,3.451196661785616e-08,3222.8980663196153,-3.1879178026823816,-0.31175766334373517,0.34480956196784973,0.33138716220855713,0.378643661737442,0.45129260420799255,0.5356120467185974,0.6103062629699707,0.5695372819900513,0.5938736200332642,0.4690922498703003,0.45339182019233704,0.4337491989135742,0.37595805525779724,123.046875,5386.227273621015,1.4601831436157227,2141.378517564886,2671.6829526295896,3142.7598999663182,-337.8589172363281,0.17332012951374054,0.0002128229825757444,-14.501642227172852,0.13585679233074188,0.00823134183883667,-121.35443115234375,0.01422413531690836,0.004728288389742374,-41.06632614135742,-0.03238433599472046,-0.005416537169367075,3.3087337017059326,-0.011612450703978539,0.013148774392902851,8.01515007019043,-0.01799633912742138,0.013741087168455124,-8.582903861999512,-0.04771542176604271,-0.016258325427770615,-11.241564750671387,-0.0436275415122509,-0.005644103977829218,-14.28443717956543,-0.03327210992574692,-0.0058662621304392815,-0.6404926776885986,-0.03155933693051338,0.013958770781755447,-0.49381306767463684,-0.0071890465915203094,0.023084262385964394,5.7753167152404785,0.007523280568420887,0.0018391289049759507,-1.8769912719726562,-0.005029329564422369,-0.016640543937683105,0.9491636753082275,-0.009465828537940979,-0.009852384217083454,-2.105736255645752,-0.00569898821413517,-0.008835465647280216,4.070054531097412,0.010987150482833385,0.015484829433262348,-0.3774227201938629,0.004034224897623062,0.006788340397179127,5.33976411819458,-0.006767733953893185,0.00758913392201066,-0.7664847373962402,-0.011441318318247795,0.00922479759901762,4.4373860359191895,-0.008072973228991032,0.010105419903993607
data/train_audio/chukar/XC340621.mp3,0.3704797165023202,81858,-79.78895568847656,-79.8852767944336,2.5682107551716626e-09,8.543955232198641e-08,5208.404827452081,-5.090506355285901,-3.354019599317686,0.4718567728996277,0.33298349380493164,0.24764776229858398,0.20695671439170837,0.17451111972332,0.15876005589962006,0.15392456948757172,0.15046077966690063,0.20688582956790924,0.7716912627220154,0.9493433237075806,0.7129440307617188,161.4990234375,8544.55985580409,0.4659057855606079,2642.1907622717413,2890.6087167490123,3086.6343801176367,-630.7356567382812,0.7974786758422852,0.1955948770046234,-206.39639282226562,0.4453657567501068,0.45901986956596375,-57.9067497253418,0.09392834454774857,0.0962267741560936,71.26935577392578,-0.11469358950853348,-0.13370072841644287,40.793697357177734,-0.10382060706615448,-0.10023066401481628,-25.671829223632812,-0.010422688908874989,0.03315092250704765,-45.008880615234375,0.024496998637914658,0.05502607300877571,15.470357894897461,-0.026274461299180984,-0.027755318209528923,32.094078063964844,-0.05445706844329834,-0.0543464832007885,2.0449066162109375,-0.019925270229578018,-0.003370350692421198,-32.120723724365234,0.026754701510071754,0.037953317165374756,-3.2827680110931396,0.014022542163729668,0.005263702478259802,19.894041061401367,-0.031592659652233124,-0.03060971014201641,13.308889389038086,-0.014775493182241917,-0.02078031748533249,-19.312911987304688,0.015515546314418316,0.02214544080197811,-9.836511611938477,0.013747165910899639,0.01329911407083273,7.879321098327637,-0.024664362892508507,-0.008012152276933193,15.647553443908691,-0.01814604550600052,-0.017545359209179878,-7.938562870025635,-0.0024937549605965614,0.003906980622559786,-9.768224716186523,0.0094835190102458,0.003749981289729476
data/train_audio/chukar/XC347721.mp3,0.004044689894636015,543,-22.296754837036133,-28.614755630493164,7.010330591583624e-05,0.00010567356366664171,323.8074501043353,-1.1678858816273254,0.024003824713239356,0.7593235373497009,0.7671481966972351,0.7937944531440735,0.8294907808303833,0.8590755462646484,0.8509673476219177,0.7936714291572571,0.7746556997299194,0.7772855162620544,0.7630415558815002,0.7297002077102661,0.7214217782020569,151.99908088235293,372.5409146012931,0.8378570675849915,1068.8261380189476,1933.0327312155098,2737.400507750169,-472.7724304199219,-0.003183291759341955,-0.013015243224799633,116.46492004394531,0.05069509893655777,-0.00567498616874218,31.162330627441406,-0.015710363164544106,0.10766682773828506,17.17986297607422,0.007305883336812258,0.05779839679598808,41.9447135925293,0.006233807187527418,0.00885058008134365,36.364898681640625,0.01062707044184208,-0.004403524566441774,12.63225269317627,-0.039332035928964615,0.0403573177754879,7.500152587890625,0.03253277763724327,0.004337814170867205,16.79531478881836,0.028807329013943672,0.016780342906713486,20.3121280670166,0.014903061091899872,0.014222369529306889,14.512176513671875,-0.014172031544148922,0.031840648502111435,7.688988208770752,0.02352779731154442,0.00035951603786088526,8.275511741638184,-0.0024305302649736404,-0.0038496835622936487,12.408987998962402,0.022003808990120888,-0.023918313905596733,10.755505561828613,0.00040543763316236436,0.023202678188681602,5.201916694641113,0.004472208209335804,0.01987551897764206,5.039849281311035,0.01021825522184372,-0.008827046491205692,8.734654426574707,-0.01943119615316391,0.020860429853200912,8.244063377380371,-0.014872075989842415,0.024062221869826317,4.3007354736328125,-7.330868538701907e-05,-0.011012731119990349
data/train_audio/chukar/XC357171.mp3,0.23775481748875774,216865,-80.0,-80.0,7.0337078383886364e-09,9.396458722221723e-09,3385.2650780230383,-0.30466816505766287,0.5459771642317408,0.2310505211353302,0.23552022874355316,0.27190205454826355,0.34074726700782776,0.4736489951610565,0.6501721739768982,0.6477219462394714,0.46839091181755066,0.37476155161857605,0.3132970333099365,0.2547450363636017,0.24173519015312195,129.19921875,5797.721134591063,1.4649773836135864,2213.2681193883573,2658.3778625571176,3074.830583008364,-288.1305236816406,0.08844489604234695,-0.06619782000780106,-66.26853942871094,-0.02221502736210823,0.0027734413743019104,-132.50254821777344,-0.02755724824965,0.028496138751506805,-40.3652229309082,-0.01665768213570118,0.02059338055551052,-12.334785461425781,-0.019749371334910393,0.00980301946401596,39.8848991394043,0.008826094679534435,-0.0036560732405632734,15.75481128692627,0.01048323605209589,-0.007452746387571096,-4.875218391418457,0.012408311478793621,-0.003208709415048361,-6.960207939147949,-0.0001638770627323538,0.0011894566705450416,9.978303909301758,-0.005948950536549091,-0.001967676915228367,-0.44744938611984253,-0.004053967073559761,-0.000979429460130632,5.89021110534668,-2.169220351788681e-05,-0.0017472695326432586,-9.082160949707031,-0.003578766016289592,0.0021161390468478203,-0.08291281014680862,0.006186229642480612,0.0016612352337688208,0.6231089234352112,0.005641731433570385,-0.001182056963443756,0.5502030849456787,-0.0020339495968073606,-0.002963296603411436,-4.077365398406982,-0.005616945680230856,0.0019873143173754215,3.3658900260925293,-0.00042784996912814677,0.0020751494448632,-3.92691707611084,-0.0015504509210586548,0.0021802671253681183,3.918785572052002,0.002477270783856511,-0.0031110409181565046
data/train_audio/chukar/XC37441.mp3,0.3645190710308908,325055,-79.22863006591797,-80.0,-1.9127419363940135e-06,-3.2977666819533624e-07,4268.253969457513,-0.3342927370178876,-0.17641004531950144,0.4310319423675537,0.4836154878139496,0.5044413805007935,0.49805930256843567,0.460328072309494,0.43350693583488464,0.4009901285171509,0.41738826036453247,0.4535294771194458,0.42678865790367126,0.47889742255210876,0.4806535840034485,129.19921875,6223.757787244073,1.225288987159729,1963.3562997218742,2331.751193828286,2665.5549241155204,-330.2135925292969,0.02590315416455269,-0.027538586407899857,-93.2811050415039,-0.0062665436416864395,0.014771590009331703,-113.58000946044922,-0.01638253778219223,0.007288176100701094,4.571193218231201,-0.0015674525639042258,-0.0018006333848461509,-30.02799415588379,-0.0025915622245520353,0.002397870644927025,8.253320693969727,0.011813277378678322,-0.006579879205673933,-2.7252590656280518,-0.0004677843826357275,0.006526913959532976,11.029175758361816,0.0004156578506808728,-0.00276201288215816,4.570418357849121,0.0001491102739237249,0.0004849250253755599,4.803781032562256,-0.006592233665287495,-0.0016796533018350601,0.45483601093292236,6.1920318330521695e-06,8.110431372188032e-05,3.2478790283203125,0.0026593878865242004,-0.00102878303732723,-0.08843781799077988,-4.42855671280995e-05,0.002218568930402398,2.0736796855926514,0.0014678837032988667,-0.0006334325298666954,-2.242711067199707,0.0024418490938842297,0.0015326611464843154,4.314230442047119,-0.0037145703099668026,-0.0009255084441974759,-6.228847980499268,-0.0001191187184303999,-0.0013877038145437837,-1.3275225162506104,-0.0005494986544363201,0.00106577028054744,-2.7813708782196045,-0.0015425794990733266,-6.062299507902935e-05,2.0036120414733887,0.001964207272976637,-0.0002373876195633784
data/train_audio/chukar/XC387754.mp3,0.20339145046404467,200726,-79.97866821289062,-80.0,1.1087529117048689e-08,-4.192427738303195e-08,3114.0724396286755,-0.7827771702771581,-0.1741582769801703,0.37603017687797546,0.39555639028549194,0.4330844283103943,0.4548388719558716,0.48354649543762207,0.517339825630188,0.6097565293312073,0.6684683561325073,0.645823061466217,0.5871641039848328,0.4714324474334717,0.3930678367614746,143.5546875,6186.771000657126,1.7159432172775269,2532.0922382422777,2963.9370909490635,3354.018055722996,-365.5456848144531,0.027979228645563126,0.009913542307913303,53.89838409423828,0.03961021080613136,0.00351098645478487,-44.735416412353516,0.004360676277428865,-0.009066646918654442,-16.294902801513672,0.000792901439126581,-0.004023537505418062,-13.192322731018066,0.020923227071762085,0.0015539558371528983,5.390319347381592,0.008502132259309292,-0.0011983286822214723,-18.29552459716797,-0.002535796258598566,-0.0013172966428101063,-13.852808952331543,-0.0034241878893226385,0.0021183686330914497,-10.016006469726562,-0.0052858502604067326,-0.00043821384315378964,-7.626646041870117,-0.011727500706911087,-0.0030226658564060926,-4.4847412109375,-0.004143617581576109,0.0045882053673267365,-6.400983810424805,-0.0067142220214009285,0.002584993140771985,-14.866098403930664,-0.01765177957713604,-0.0007753847748972476,-1.7768127918243408,-0.009391984902322292,-0.0014792873989790678,-6.7846598625183105,0.00019317994883749634,-5.774780333922536e-07,-6.930039405822754,-0.001981027191504836,0.0013861609622836113,-8.689064025878906,-0.005816366523504257,-0.00012040237197652459,-4.875096321105957,-0.0017505266005173326,0.0007707563927397132,-5.862440586090088,0.00017310971452388912,-7.731768710073084e-05,-3.235959768295288,-0.000887976901140064,0.0009622586076147854
data/train_audio/chukar/XC404863.mp3,0.13258463541666668,164084,-69.30008697509766,-80.0,3.4968746831509634e-07,3.939397174690384e-06,1938.5337618802862,-0.4219701267129189,0.18320886866604452,0.41087374091148376,0.38579225540161133,0.4115065932273865,0.4997084438800812,0.6052562594413757,0.6870037317276001,0.6573188900947571,0.503791332244873,0.3803946375846863,0.32258719205856323,0.34673553705215454,0.4060962498188019,135.99917763157896,3446.7257557744565,1.2029095888137817,1662.7484204392197,2222.4459592638123,2781.318825197435,-402.4873046875,0.01484984066337347,-0.03174315392971039,115.52520751953125,0.007952919229865074,-0.019057808443903923,-72.2840576171875,-0.000633072282653302,0.012205610983073711,-7.700051784515381,-0.003651175880804658,0.002532811602577567,-24.96952247619629,0.0015157032757997513,0.002361721359193325,11.642943382263184,-0.006245994940400124,0.0032233588863164186,-10.322415351867676,-0.006254843436181545,-0.0004164983984082937,-28.515369415283203,0.004456126596778631,0.0051841954700648785,-18.20733070373535,0.0004320946172811091,0.0021114570554345846,-12.804673194885254,0.0016651710029691458,0.0014913310296833515,-13.63680648803711,-0.003176152938976884,0.0014256044523790479,-4.231986999511719,0.0013485433300957084,0.0002470715844538063,-11.803221702575684,0.004040906671434641,0.0005798679776489735,-3.22629976272583,0.0018643203657120466,0.0021244350355118513,-2.2431771755218506,0.004576786421239376,0.00370694394223392,1.2439841032028198,-0.0006859339191578329,0.00380454258993268,-6.0813117027282715,-0.002771147759631276,-0.0004847746167797595,-2.6214890480041504,-0.0006408067420125008,0.001645488664507866,-5.115340232849121,-0.0029402971267700195,0.001727099996060133,3.581077814102173,0.0018650817219167948,0.00048344105016440153
data/train_audio/chukar/XC404864.mp3,0.13051668512206074,409483,-70.89488220214844,-80.0,3.647575397280889e-07,3.899690000253031e-06,1873.6472062586324,0.04170800649457887,0.044648543113952145,0.4748230576515198,0.4703107178211212,0.4689142107963562,0.5124712586402893,0.5613847970962524,0.5923543572425842,0.5939256548881531,0.5867972373962402,0.5153159499168396,0.44024857878685,0.4272122383117676,0.461768239736557,135.99917763157896,3067.8239160857897,1.1806135177612305,1590.8907124401642,2164.715053859872,2728.4858547376375,-382.8629455566406,-0.006257493980228901,-0.012129461392760277,121.19559478759766,-0.005948809441179037,-0.007501446641981602,-73.91101837158203,-0.0006060921004973352,0.0054333945736289024,-5.490076065063477,0.0020897574722766876,0.005372426938265562,-23.226348876953125,0.0015609172405675054,-0.00042857645894400775,5.132369041442871,0.0011844540713354945,-0.002232967410236597,-16.891820907592773,0.0012350562028586864,0.0003241875965613872,-24.02045249938965,-0.0007090513245202601,0.0021264918614178896,-19.156509399414062,-0.0014978018589317799,0.001153593068011105,-16.959436416625977,0.0007300543366000056,0.00016751789371483028,-13.203703880310059,0.002224165014922619,0.00035095575731247663,-9.86702823638916,0.0020148775074630976,0.0011446692515164614,-12.61905288696289,0.00110539048910141,0.001434334903024137,-1.594652771949768,0.0002785860269796103,0.0007394864223897457,-7.427345275878906,-2.3031920136418194e-05,4.673907460528426e-05,-2.7301363945007324,0.00019637048535514623,3.8086160202510655e-05,-7.128180503845215,0.0012004687450826168,0.000372493319446221,-4.442076206207275,0.0010148565052077174,0.0002589840441942215,-6.245547294616699,-2.6642535885912366e-05,0.00036472000647336245,0.8348475694656372,0.000343530613463372,0.0005617906572297215
data/train_audio/chukar/XC404865.mp3,0.11029001824606116,61002,-70.47606658935547,-79.92461395263672,2.0386035259889468e-07,4.3949739847448654e-06,1724.2262343288767,0.09801925383771526,0.20992802278516956,0.4881450831890106,0.46830064058303833,0.4892931580543518,0.5225584506988525,0.557460606098175,0.5766835808753967,0.639056921005249,0.6422666907310486,0.576732337474823,0.500491201877594,0.46031588315963745,0.4795694649219513,143.5546875,2864.45484461886,1.2012779712677002,1594.6837849654648,2208.987471881603,2803.5450020169683,-383.25469970703125,-0.25857529044151306,-0.07394124567508698,133.3874969482422,-0.0805191770195961,-0.03524811938405037,-63.135398864746094,0.027228722348809242,0.01337694376707077,-10.225863456726074,-0.020016927272081375,0.010228012688457966,-18.359270095825195,0.013284833170473576,0.008268529549241066,10.229450225830078,-0.017122644931077957,0.015643689781427383,-14.064898490905762,-0.008571998216211796,0.00545769976451993,-21.55880355834961,0.006351437419652939,-0.005896344315260649,-13.955175399780273,-0.0020673335529863834,0.00029969567549414933,-12.532285690307617,-0.0030580286402255297,0.007337500806897879,-11.118528366088867,-0.0024375852663069963,0.009470517747104168,-6.8449506759643555,-0.005525243002921343,0.0010394792770966887,-13.712348937988281,0.003640695009380579,0.004402919672429562,-0.015017136931419373,0.008324961178004742,-0.0021480945870280266,-5.570992946624756,0.011562022380530834,-0.0011202305322512984,-1.7994474172592163,0.0014244714984670281,-0.001509723486378789,-5.0234246253967285,0.006373537238687277,-0.0016134638572111726,-4.536684036254883,0.007935971952974796,0.002126887673512101,-3.9310460090637207,0.0030202073976397514,0.0009292547474615276,1.5690146684646606,0.0029721646569669247,0.0018301188247278333
data/train_audio/chukar/XC404866.mp3,0.12768835308908047,125252,-70.91958618164062,-80.0,4.3140761363247293e-07,3.841606485366356e-06,1891.2687799866933,0.1684991374505873,0.0875779810721803,0.4398269057273865,0.4539279043674469,0.5075803399085999,0.6131394505500793,0.6818339824676514,0.646573007106781,0.6068364977836609,0.5311453938484192,0.418811559677124,0.36335989832878113,0.3796341121196747,0.42446663975715637,172.265625,3106.113924128135,1.2439826726913452,1614.4994663410373,2206.455124051605,2785.6458251195145,-401.733642578125,0.027950307354331017,-0.05397301912307739,116.47549438476562,-0.002668950706720352,-0.03563400357961655,-76.61368560791016,-0.0047732386738061905,0.02035096101462841,-7.135921001434326,0.006620566360652447,0.012030845507979393,-18.42289924621582,-0.002071330789476633,-0.00016082765068858862,3.759341239929199,0.0031744230072945356,0.0034783929586410522,-15.718047142028809,-0.0029792620334774256,0.002866117749363184,-23.983394622802734,0.0022767125628888607,0.0044256155379116535,-18.750852584838867,0.004730581771582365,0.004488054197281599,-15.80573844909668,0.0014342066133394837,0.004981801379472017,-12.972089767456055,-0.0005763581139035523,0.0014464413980022073,-5.4673004150390625,-0.0024516519624739885,0.00011911623732885346,-12.19852352142334,-0.0021276280749589205,0.004176996648311615,-4.900549411773682,0.0001405329239787534,0.0030555829871445894,-7.617136478424072,0.00023916746431495994,0.0005899976822547615,-0.48730647563934326,-0.0009595216833986342,-0.0003344424767419696,-4.379411220550537,-0.0038794439751654863,0.0003993883728981018,-4.117021560668945,-0.0017553920624777675,0.003306054510176182,-4.403143882751465,0.0021712060552090406,0.0013602323597297072,3.8538901805877686,-0.0006821508286520839,-0.00040734250796958804
data/train_audio/chukar/XC408258.mp3,0.20093530462693798,26628,-73.06117248535156,-79.97083282470703,-1.0578641251868248e-07,2.773446681203495e-07,3034.2269605903725,0.6913827927137888,1.7898985259150892,0.3389120101928711,0.3817107379436493,0.3836481273174286,0.2856982946395874,0.27709057927131653,0.33178603649139404,0.4142231345176697,0.5547623634338379,0.7827133536338806,0.8106395602226257,0.5100871324539185,0.34368017315864563,129.19921875,5916.9569858284885,1.7301162481307983,2454.1137239692143,2925.3261765963634,3363.2440855696104,-255.85476684570312,0.02997308224439621,-0.21826046705245972,49.83127975463867,0.0635797381401062,-0.013074797578155994,-57.860965728759766,0.16842810809612274,0.11518193036317825,-30.111236572265625,-0.010232534259557724,0.03868955373764038,-19.755474090576172,-0.084988072514534,-0.019308526068925858,8.988591194152832,-0.03140343725681305,-0.03143332898616791,-15.819136619567871,0.04183695465326309,0.01621825620532036,-6.3575005531311035,0.03697187453508377,0.02162531018257141,7.53046989440918,-0.03652134910225868,0.005379918962717056,3.613422155380249,0.0003087834920734167,0.020936954766511917,-7.508784294128418,0.008506055921316147,-0.0036197188310325146,5.379941463470459,-0.023072216659784317,-0.026179661974310875,-5.9709577560424805,0.031783368438482285,0.006573850754648447,7.932574272155762,0.008010165765881538,-0.013416208326816559,-2.721738815307617,-0.023723125457763672,-0.00579965952783823,-3.41474986076355,-0.014691700227558613,0.018002504482865334,-0.22168652713298798,0.01359554659575224,-0.012759657576680183,5.456584453582764,0.03600195050239563,-0.003143602516502142,-1.570432424545288,0.0014750126283615828,0.004724534694105387,3.297682285308838,-0.007930044084787369,-0.01324488315731287
data/train_audio/chukar/XC429204.mp3,0.12616592798477563,40356,-47.325164794921875,-75.32763671875,-2.688840868358966e-05,-9.581042831996456e-05,2345.7291018721767,0.3509170643716865,0.22703403690726412,0.4277993142604828,0.4371047019958496,0.48450759053230286,0.460053026676178,0.4536537826061249,0.47409582138061523,0.5511741638183594,0.6149955987930298,0.7322353720664978,0.7118077278137207,0.5311649441719055,0.45290130376815796,129.19921875,4857.514484112079,1.1727865934371948,2361.262047755243,2883.2896466614693,3372.5368456920805,-411.0425109863281,-0.015488972887396812,-0.01086029876023531,84.72154235839844,-0.0026729388628154993,-0.010996402241289616,-12.425932884216309,0.016014080494642258,0.005890540778636932,25.347997665405273,0.003109297715127468,0.0059341927990317345,8.325363159179688,-0.003014548448845744,-0.005504722706973553,29.359466552734375,-0.015999270603060722,-0.0031394537072628736,-6.104050636291504,-0.02369432896375656,-0.014286804012954235,1.4516994953155518,-0.01839236356317997,-0.008464197628200054,5.785957336425781,-0.012277738191187382,-0.0029952870681881905,9.983412742614746,-0.004477823618799448,0.002641518833115697,1.263650894165039,-0.0024785352870821953,0.0027476989198476076,-6.015721797943115,0.019869642332196236,-0.002438625553622842,0.6963281035423279,0.006507300306111574,0.005818862468004227,4.385716915130615,0.0038936680648475885,0.0030291920993477106,-0.031326282769441605,0.02109704352915287,0.0025449981912970543,-2.0471508502960205,0.0027045966126024723,-0.004290595650672913,-4.38698148727417,-0.013196217827498913,-0.0009469714714214206,2.45019268989563,0.0040514119900763035,-0.01039204653352499,-2.5135040283203125,0.0079421978443861,-0.0040701148100197315,-0.07491682469844818,-0.011324535124003887,0.0009650886058807373
data/train_audio/chukar/XC459396.mp3,0.08448389103982301,24630,-33.925323486328125,-34.89419937133789,-5.050786512583727e-06,-9.369477083964739e-06,1895.0244447860248,0.6567273735550022,0.0283254413210218,0.5073630809783936,0.5135387778282166,0.6022512912750244,0.5684654116630554,0.575572669506073,0.6004664897918701,0.4560135304927826,0.43581265211105347,0.47550415992736816,0.48643016815185547,0.5544271469116211,0.5551120638847351,107.666015625,3909.5531146294247,1.2827154397964478,2245.9996616571607,2883.2321719730035,3477.1527086293177,-405.7401428222656,0.035757966339588165,-0.05729760229587555,116.7793960571289,-0.024286242201924324,0.0056223575957119465,-10.397760391235352,0.028699757531285286,-0.02855927124619484,16.205577850341797,0.01832052692770958,-0.020125579088926315,-5.103639125823975,0.009216695092618465,-0.018108854070305824,8.216644287109375,-0.03158218413591385,0.021420571953058243,13.796504974365234,-0.04546050354838371,0.026810141280293465,2.025456190109253,-0.00841817632317543,0.00526413694024086,-1.2668486833572388,0.021480876952409744,-0.0036171989049762487,9.943916320800781,0.014869743958115578,-0.013872122392058372,-8.047298431396484,-0.0081018740311265,-0.00499018793925643,9.94130802154541,-0.024841122329235077,0.00681016081944108,-0.9014443755149841,-0.017572514712810516,-0.014930297620594501,4.06895112991333,0.007499083876609802,-0.0028101224452257156,-1.0978145599365234,-0.0004382234765216708,0.007301068864762783,3.014258623123169,-0.009822452440857887,-0.002480840776115656,0.3130812346935272,-0.009376386180520058,-0.010244486853480339,6.70668888092041,-0.0024143704213202,-0.008781425654888153,2.5758347511291504,-0.010106057859957218,-0.0022478203754872084,3.2346129417419434,-0.00022810623340774328,-0.003126925090327859
data/train_audio/chukar/XC466103.mp3,0.2900796531173594,60859,-37.177833557128906,-52.62589645385742,2.9440952857839875e-05,-3.494829798000865e-05,3695.3909718448635,1.6309448908206539,0.2121166022591384,0.267975389957428,0.14974543452262878,0.12345552444458008,0.13395801186561584,0.18628376722335815,0.35433369874954224,0.5160930156707764,0.48862597346305847,0.4692632853984833,0.49329307675361633,0.5137935876846313,0.436469167470932,103.359375,5169.706147807152,1.724971055984497,1833.1947034523125,2334.131906606244,2755.133118334602,-300.6979064941406,-0.29690179228782654,-0.012464038096368313,-5.834773540496826,-0.07869291305541992,-0.03730928897857666,-31.144187927246094,0.06276217848062515,-0.008739023469388485,80.82872772216797,-0.02426055073738098,0.014018967747688293,-3.075242280960083,-0.024713540449738503,0.015370580367743969,-3.661038398742676,0.027634138241410255,-0.0019540844950824976,20.28248405456543,0.02769894152879715,-0.005971327889710665,4.943731784820557,-0.044549666345119476,0.011675802059471607,-4.909055233001709,-0.04291681945323944,-0.005320771597325802,24.116968154907227,0.016603125259280205,-0.02783481776714325,4.993495941162109,0.029472487047314644,0.04760947450995445,0.9202382564544678,0.04018247127532959,-0.015058586373925209,1.695868968963623,0.041139621287584305,-0.0346711128950119,11.206215858459473,0.034788601100444794,0.024132240563631058,-2.2653818130493164,0.054524313658475876,-4.070895374752581e-05,1.0382659435272217,0.0650782436132431,-0.008874844759702682,0.22626858949661255,0.017954135313630104,0.006797557231038809,7.072258472442627,-0.016790950670838356,0.007288905791938305,4.131183624267578,-0.02032342366874218,-0.005848963279277086,3.73563289642334,0.014678352512419224,-0.01962275803089142
data/train_audio/chukar/XC466117.mp3,0.0201671511627907,1780,-24.9777889251709,-24.631439208984375,0.0013109218562021852,0.00029954328783787787,677.4666285383945,1.006157830270537,-0.9184415479193399,0.7297841310501099,0.7658209800720215,0.6808571815490723,0.6311478018760681,0.6942710280418396,0.6820480227470398,0.6514238119125366,0.48405012488365173,0.4168151021003723,0.4109809398651123,0.37824738025665283,0.48030561208724976,99.38401442307692,973.3758970748546,1.0267945528030396,1440.6874986815985,2289.1695495580784,3040.443993252717,-312.15399169921875,-0.045353375375270844,-0.09883547574281693,168.7291717529297,0.08970683068037033,0.031802576035261154,41.25726318359375,0.15164121985435486,0.035563018172979355,35.24403381347656,-0.08957362174987793,-0.028210876509547234,3.3126025199890137,-0.14310066401958466,-0.009192497469484806,13.325872421264648,0.02063227817416191,-0.02922988496720791,1.6106215715408325,0.06483103334903717,0.017958004027605057,5.0779709815979,-0.033982254564762115,0.012149297632277012,-3.5360333919525146,-0.00555872917175293,0.007707279175519943,8.630154609680176,-0.011343101970851421,0.009681574068963528,3.3164992332458496,0.05334557965397835,0.008130616508424282,-0.9643136858940125,0.08340571820735931,0.02982666902244091,-3.4738717079162598,-0.07893028855323792,0.012310411781072617,9.10450267791748,-0.06360550969839096,-0.003876533592119813,2.115537166595459,0.01954261027276516,0.026479851454496384,1.5465384721755981,0.016879094764590263,0.03433092683553696,-0.5074264407157898,-0.06447809189558029,0.01050714123994112,4.656006813049316,-0.09818147867918015,-0.004295614548027515,2.587038278579712,-0.030898941680788994,0.04113328829407692,6.327825546264648,-0.0031110437121242285,0.028285348787903786
data/train_audio/chukar/XC472243.mp3,0.24818097014925372,383358,-56.567691802978516,-77.57792663574219,-2.1034327346569626e-06,-1.2092748875147663e-05,3563.0166908265865,-0.6077634567701735,-0.028345615449030255,0.6096007227897644,0.6737642288208008,0.5847447514533997,0.4850977957248688,0.46335962414741516,0.4970242381095886,0.45804736018180847,0.4125339388847351,0.4421263635158539,0.46018972992897034,0.4936589002609253,0.5606160163879395,184.5703125,7305.708736590485,1.2075382471084595,2944.3013141677943,3329.8456387569736,3663.988916434269,-445.9591979980469,0.021720871329307556,0.0009351398330181837,55.01951599121094,0.014345209114253521,-0.00269007938914001,-11.966938972473145,-0.004072447773069143,-0.004394135903567076,-6.566953659057617,-0.003694741055369377,-0.0013798384461551905,-10.745635032653809,0.0010921666398644447,0.00022008731320966035,2.4319891929626465,0.002170820254832506,0.0012152307899668813,1.2527580261230469,-0.00011224240734009072,-0.0006240095244720578,0.7874463796615601,-0.00035257686977274716,-0.004779714625328779,-8.959843635559082,-0.0022053022403270006,-0.00555702717974782,0.6272836327552795,-0.0024657452013343573,-0.003020509146153927,-2.2120821475982666,-0.001758906408213079,0.0020021910313516855,2.7980947494506836,0.001869200263172388,0.002153822686523199,-1.9431489706039429,0.0012879861751571298,-0.0003801393322646618,4.286801338195801,0.001768028363585472,0.0006361100822687149,-1.9184131622314453,-0.0006508307415060699,0.002150388900190592,5.679555416107178,-0.002726467791944742,0.0012514099944382906,-0.7722653746604919,-0.002484080148860812,-0.0003376012609805912,1.9032950401306152,-0.0009968712693080306,-0.0003437149280216545,-3.0770254135131836,-0.000640896731056273,-0.0008173948735930026,1.4726721048355103,-0.0025528103578835726,-0.00012043020979035646
data/train_audio/chukar/XC480190.mp3,0.20982320488491674,109790,-54.20363235473633,-78.3099136352539,-2.348335556234815e-06,-1.4413301869353745e-05,3010.612849882093,-0.44978561477989343,0.02037265319621387,0.2786572575569153,0.2686627209186554,0.23798133432865143,0.27732154726982117,0.4663623869419098,0.802020251750946,0.6124246120452881,0.4197797179222107,0.2850196063518524,0.2703227996826172,0.2382151186466217,0.25394707918167114,161.4990234375,5641.256322309623,1.3586949110031128,2448.2284631854345,2950.2566196793055,3398.6969589581827,-414.401123046875,0.1444135159254074,-0.10781081765890121,66.4806137084961,0.02517586573958397,-0.004233002662658691,-31.686155319213867,0.001804938423447311,0.007567618973553181,-12.999983787536621,-0.007084513083100319,-0.004694007337093353,-13.112850189208984,0.008770836517214775,-0.005993954371660948,24.679113388061523,-0.007812602445483208,0.0031008769292384386,3.57016658782959,-0.012104373425245285,0.004015852697193623,-10.600083351135254,0.011748910881578922,0.0005781316431239247,-12.487462997436523,0.00184349634218961,0.0042991130612790585,4.43969202041626,0.009363173507153988,-0.007863936945796013,1.5090014934539795,-0.0028417494613677263,0.0019626242574304342,4.906665325164795,-0.0017034232150763273,0.002450454281643033,-7.902105808258057,-0.003428397001698613,-0.001711931312456727,3.758206844329834,-0.0016774929827079177,-0.0025180461816489697,6.5570969581604,0.0081457095220685,-0.0031044299248605967,11.275236129760742,0.005383116193115711,0.0016262292629107833,0.3593730926513672,0.0019447534577921033,0.0037239461671561003,-3.564417600631714,0.005564239341765642,-0.006702892482280731,-8.231335639953613,-0.009398113004863262,0.004455007147043943,2.6369028091430664,-0.006159397307783365,-0.0029493640176951885
data/train_audio/chukar/XC480191.mp3,0.2292263662796624,1439982,-47.7910270690918,-70.2755126953125,-2.2284859824139858e-06,-1.28508645502734e-05,3313.9144095936804,-0.0029668885643994686,0.0010680062163552953,0.5222510099411011,0.5524540543556213,0.5307336449623108,0.518684983253479,0.5455958247184753,0.6024037003517151,0.6239542961120605,0.6020318865776062,0.5099788308143616,0.46565714478492737,0.4903956651687622,0.49714818596839905,143.5546875,6609.767096254358,1.0523827075958252,2757.353587044044,3181.1948544504817,3556.9658235808247,-440.60919189453125,0.011873699724674225,-0.009312455542385578,62.862911224365234,0.0008599807042628527,-0.00047016178723424673,-15.30936050415039,0.0006575981387868524,-0.00021426973398774862,-0.12685158848762512,0.00037194121978245676,-0.0005195789271965623,-9.324353218078613,0.0014347010292112827,-0.0007981901871971786,12.633832931518555,0.0006602054927498102,-0.0007417802698910236,1.2340285778045654,-0.0005819045472890139,0.0006619242485612631,-0.732811450958252,0.0013865343062207103,0.0004461724020075053,-6.823290824890137,-0.0006567821837961674,2.806705560942646e-05,3.3375658988952637,-0.0016194782219827175,0.00040564266964793205,-0.23669834434986115,-6.955141998332692e-06,0.0007872238056734204,4.835727691650391,-0.0007877046591602266,0.00016854688874445856,-3.9402542114257812,-0.00012141114711994305,0.0002465995494276285,5.6801934242248535,0.00199876562692225,1.5119515410333406e-05,0.7289466261863708,0.00019542193331290036,-0.0004243308794684708,4.700699806213379,0.00021013958030380309,-8.144789899233729e-05,-1.971818208694458,0.0009190982091240585,-1.695981882221531e-05,0.2655324637889862,-0.00016742265142966062,-0.0003058434813283384,-4.347814559936523,-0.0001408925309078768,-6.820828275522217e-05,2.167065382003784,0.0013365497579798102,-0.0005905111320316792
data/train_audio/chukar/XC480192.mp3,0.23088136783316116,57303,-45.4306640625,-58.8538932800293,-2.058248810499208e-06,-1.1741326488845516e-05,3420.574151443738,-0.6786424331870645,-0.21515286284960625,0.6011658906936646,0.6373212933540344,0.6051678657531738,0.5805717706680298,0.5662421584129333,0.5358645915985107,0.6103246808052063,0.6303668022155762,0.6348949074745178,0.6018842458724976,0.6270551681518555,0.6402456164360046,86.1328125,6917.652729129003,1.084646224975586,2839.20839731554,3233.9115215414186,3584.562601108622,-447.2723693847656,0.29557180404663086,-0.24376524984836578,61.79716491699219,0.03550728037953377,0.0034479040186852217,-10.08815860748291,0.010111026465892792,0.003686704905703664,3.7017433643341064,-0.012606711126863956,-0.014952383935451508,-10.848151206970215,0.004573254380375147,-0.012365964241325855,7.736329078674316,0.005975046660751104,0.004509053658694029,-1.7407501935958862,0.0019535948522388935,-0.0033709590788930655,1.3857876062393188,0.01502513512969017,-0.0036971026565879583,-2.87528395652771,-0.005536085460335016,0.005741726141422987,3.441425323486328,-0.006825569085776806,0.010671781376004219,-2.5577361583709717,0.005151904188096523,0.01656796969473362,3.950953483581543,-0.010870817117393017,0.004972179885953665,-3.608576536178589,-0.013887484557926655,0.0017825252143666148,5.788157939910889,0.014050998724997044,0.001068201381713152,-0.6668015718460083,0.014906232245266438,0.00378089165315032,3.404411792755127,-0.00010892059071920812,-0.006057831458747387,-1.9074662923812866,-0.012639897875487804,0.0022126648109406233,0.8783149123191833,-0.00998486764729023,-0.00898248516023159,-3.6816117763519287,0.0007296234252862632,-0.009286535903811455,0.980029284954071,-0.0045157019048929214,-0.00562823424115777
data/train_audio/chukar/XC75480.mp3,0.08150005781683627,45133,-54.754486083984375,-48.148555755615234,2.0044009943376295e-05,0.00039629495586268604,1878.5374909337907,-0.9541678178961455,-0.5819613266717668,0.6262415647506714,0.5966342687606812,0.6013400554656982,0.601884126663208,0.5704728364944458,0.5893178582191467,0.5760068893432617,0.6018021106719971,0.6051775813102722,0.6066345572471619,0.5909686088562012,0.615372359752655,151.99908088235293,3705.8523059883787,1.3328924179077148,2197.2414818450234,2821.7511862901597,3402.5068462174013,-215.1561279296875,0.25950929522514343,-0.0006650590221397579,87.01213073730469,0.09476950764656067,0.007015684153884649,-0.9794108867645264,0.013183988630771637,0.01069109421223402,44.58256912231445,0.032073359936475754,0.005413462873548269,9.16403579711914,0.01874106004834175,0.005050439387559891,11.970210075378418,0.019443416967988014,-0.0008406087872572243,20.84630584716797,0.012059958651661873,0.0011577761033549905,13.489361763000488,0.0120938029140234,0.0014451408060267568,7.466031074523926,0.019819049164652824,-0.0014029286103323102,15.250406265258789,0.016736919060349464,-0.004343085922300816,4.831701278686523,0.001464105793274939,-0.0014382489025592804,11.133119583129883,0.006146181374788284,0.003850226756185293,6.446190357208252,0.004499094560742378,-0.0027989873196929693,8.753181457519531,0.005223585292696953,-0.0031082446221262217,3.521237850189209,0.003488854505121708,0.0025132037699222565,7.123138904571533,0.012296932749450207,0.004821777809411287,2.634873628616333,0.002454383298754692,0.0034675998613238335,5.961174964904785,0.001971500227227807,0.000882085005287081,0.5668257474899292,-0.0023995463270694017,0.00021675293100997806,5.583520889282227,0.0015018314588814974,-0.0032620797865092754
